Restaurant ID,Restaurant Name,Country,City,City Code,Address,Cuisines,Average Cost for Two,Currency,Has Table Booking,Has Online Delivery,Aggregate Rating,Votes,Delivery Time (mins),Price Range
1077.0,BBQ Nation,UAE,New York,C485,15 Main Street,Mexican,690.0,Unknown,No,No,4.0,2577.0,78.0,1.0
1231.0,BBQ Nation,India,Mumbai,C223,20 Main Street,Thai,2076.0,INR,Yes,Yes,3.8,0.0,36.0,2.0
1055.0,Tandoor Tales,UAE,New York,C156,124 Main Street,Thai,1808.0,USD,Yes,Yes,3.6,168.0,39.0,2.0
1038.0,Food Planet,USA,Dubai,Unknown,14 Main Street,Continental,1936.0,GBP,No,Yes,3.8,1562.0,68.0,4.0
1359.0,,USA,Dubai,C505,106 Main Street,North Indian,747.0,GBP,Yes,Yes,3.1,2250.0,25.0,3.0
1259.0,Café Aroma,Australia,New York,C491,104 Main Street,Thai,3912.0,GBP,No,Yes,4.7,3250.0,84.0,4.0
1118.0,Tandoor Tales,India,Sydney,C348,87 Main Street,Continental,1672.0,AED,No,Yes,3.7,4292.0,69.0,1.0
1229.0,Biryani House,UK,Sydney,C605,136 Main Street,Thai,1343.0,GBP,No,Yes,4.3,3916.0,42.0,4.0
1132.0,The Green Bowl,UAE,Bangalore,C248,127 Main Street,North Indian,3541.0,INR,Yes,No,3.2,0.0,86.0,1.0
1147.0,Food Planet,Australia,New York,C701,178 Main Street,Chinese,1997.0,AED,No,Yes,3.1,1471.0,27.0,3.0
,,USA,New York,C264,28 Main Street,Continental,3516.0,USD,Yes,Yes,2.2,4786.0,61.0,4.0
1020.0,Café Aroma,Australia,London,C849,72 Main Street,Continental,1540.0,GBP,No,No,3.7,498.0,39.0,2.0
1001.0,The Hungry Hippo,Australia,Mumbai,C632,67 Main Street,Thai,3519.0,USD,Yes,Yes,4.0,3906.0,47.0,2.0
1165.0,Royal Feast,USA,Delhi,C109,Not Available,Italian,2350.0,AED,No,Yes,4.3,2775.0,37.0,2.0
1268.0,BBQ Nation,Australia,Sydney,C261,92 Main Street,Chinese,1860.0,USD,Yes,Yes,2.2,215.0,83.0,3.0
1271.0,Urban Tadka,UAE,Sydney,C734,72 Main Street,Italian,1254.0,USD,No,Yes,3.2,3821.0,58.0,2.0
1100.0,Urban Tadka,UK,Delhi,C901,54 Main Street,Mexican,1482.0,USD,No,No,3.4,629.0,67.0,2.0
1346.0,Biryani House,UK,Dubai,C935,136 Main Street,Thai,594.0,INR,No,Yes,2.5,2545.0,44.0,4.0
1379.0,Café Aroma,UK,Mumbai,C210,171 Main Street,Chinese,1519.0,AED,No,Yes,3.7,0.0,59.0,1.0
1391.0,Urban Tadka,India,Delhi,C574,51 Main Street,South Indian,1185.0,USD,Yes,Yes,1.9,122.0,81.0,1.0
1110.0,BBQ Nation,UAE,Bangalore,C211,66 Main Street,South Indian,3333.0,INR,No,No,4.2,529.0,23.0,3.0
1192.0,Royal Feast,UK,New York,C543,116 Main Street,North Indian,1763.0,GBP,No,No,2.4,2645.0,31.0,4.0
1182.0,Zest Bistro,UAE,Mumbai,C891,152 Main Street,Thai,1263.0,AUD,Yes,Yes,3.4,1923.0,48.0,2.0
1241.0,The Hungry Hippo,Australia,Mumbai,C955,106 Main Street,Thai,302.0,GBP,Yes,No,4.8,3842.0,55.0,4.0
1022.0,,USA,Mumbai,C958,170 Main Street,Thai,1238.0,INR,No,Yes,2.2,2667.0,43.0,4.0
1042.0,BBQ Nation,Australia,Mumbai,C188,156 Main Street,Italian,1340.0,AUD,Yes,No,4.1,35.0,54.0,4.0
1065.0,Zest Bistro,India,New York,C414,Not Available,Chinese,788.0,GBP,No,Yes,4.3,0.0,57.5,4.0
1074.0,Saffron Lounge,USA,Mumbai,C859,131 Main Street,Chinese,3328.0,INR,No,No,3.0,3304.0,45.0,1.0
1212.0,Café Aroma,Australia,New York,C414,131 Main Street,Italian,1997.0,INR,No,No,4.4,3228.0,80.0,4.0
1393.0,Café Aroma,Australia,Delhi,C283,140 Main Street,Thai,321.0,AED,Yes,Yes,4.4,2388.0,86.0,1.0
1078.0,Curry Leaf,UAE,Sydney,C941,1 Main Street,Continental,634.0,INR,No,No,3.0,3509.0,41.0,3.0
1048.0,Zest Bistro,UAE,Mumbai,C474,104 Main Street,Mexican,3963.0,AED,Yes,Yes,1.8,500.0,57.5,4.0
1144.0,Royal Feast,UAE,Delhi,C807,95 Main Street,South Indian,1997.0,GBP,No,Yes,3.2,1206.0,65.0,4.0
1117.0,Saffron Lounge,Australia,Sydney,C481,78 Main Street,Thai,3887.0,AED,No,Yes,4.6,4600.0,61.0,4.0
1337.0,Spice Villa,UK,Sydney,C139,10 Main Street,North Indian,2710.0,AED,No,Yes,3.3,3864.0,79.0,1.0
1063.0,Ocean Grill,UK,London,C874,27 Main Street,Mexican,1591.0,AED,Yes,No,2.7,3003.0,25.0,4.0
1331.0,Ocean Grill,Australia,Sydney,C268,31 Main Street,Chinese,1997.0,AUD,No,No,3.9,2166.0,83.0,2.0
1119.0,Taste of India,UAE,Bangalore,C269,174 Main Street,Thai,3329.0,AED,Yes,Yes,4.4,3677.0,59.0,1.0
1096.0,Saffron Lounge,Australia,Dubai,C664,168 Main Street,South Indian,3861.0,GBP,Yes,Yes,5.0,879.0,65.0,4.0
1186.0,Saffron Lounge,Australia,Bangalore,C690,69 Main Street,Chinese,2128.0,USD,No,No,4.9,1970.0,66.0,1.0
1260.0,Taste of India,India,New York,C920,184 Main Street,Thai,1518.0,AUD,No,Yes,2.8,1998.0,48.0,3.0
1309.0,Café Aroma,UAE,New York,C899,156 Main Street,South Indian,2683.0,AED,Yes,Yes,4.7,1016.0,65.0,2.0
1234.0,Zest Bistro,India,Dubai,C197,Not Available,Chinese,3861.0,GBP,Yes,Yes,2.0,2934.0,37.0,4.0
1295.0,The Green Bowl,Australia,New York,C818,144 Main Street,Mexican,2696.0,AED,Yes,No,2.7,162.0,47.0,3.0
1032.0,,India,London,C855,58 Main Street,South Indian,1758.0,INR,No,No,4.8,989.0,88.0,1.0
1045.0,Zest Bistro,UAE,New York,C671,52 Main Street,Thai,1820.0,INR,No,Yes,2.0,3441.0,57.0,4.0
1382.0,Zest Bistro,UAE,Sydney,C694,89 Main Street,Mexican,783.0,GBP,No,Yes,4.9,3287.0,29.0,3.0
1256.0,Taste of India,UK,Dubai,C996,41 Main Street,Continental,3694.0,USD,Yes,Yes,4.4,4092.0,86.0,3.0
1280.0,Urban Tadka,UAE,New York,C949,113 Main Street,Chinese,1925.0,GBP,No,Yes,3.6,3652.0,77.0,1.0
1126.0,Ocean Grill,India,Bangalore,C163,141 Main Street,North Indian,1749.0,GBP,No,Yes,3.5,3629.0,62.0,1.0
1342.0,Urban Tadka,India,Sydney,C240,38 Main Street,North Indian,3629.0,AUD,No,No,4.3,4956.0,28.0,4.0
1274.0,Tandoor Tales,UAE,Dubai,C114,153 Main Street,South Indian,1997.0,INR,No,No,2.0,2561.0,32.0,3.0
1150.0,The Green Bowl,UAE,New York,C871,80 Main Street,Chinese,1997.0,USD,No,No,3.8,2186.0,58.0,1.0
1227.0,Zest Bistro,Australia,Sydney,C893,171 Main Street,Italian,1997.0,AED,No,No,4.3,4083.0,51.0,2.0
1014.0,Taste of India,Australia,New York,C471,192 Main Street,Italian,1824.0,AED,No,Yes,4.4,3126.0,57.5,4.0
1103.0,The Hungry Hippo,UAE,London,C816,87 Main Street,Continental,2967.0,USD,No,Yes,4.9,3652.0,46.0,2.0
1269.0,Zest Bistro,UK,London,C650,38 Main Street,Mexican,3632.0,GBP,No,Yes,4.6,4601.0,80.0,4.0
1353.0,BBQ Nation,Australia,Mumbai,C717,2 Main Street,Thai,1556.0,AED,No,Yes,2.7,4864.0,77.0,3.0
1293.0,Biryani House,India,Dubai,C849,54 Main Street,North Indian,1997.0,GBP,No,No,3.4,2842.0,44.0,2.0
1235.0,Spice Villa,Australia,Bangalore,C991,48 Main Street,Thai,2766.0,AUD,Yes,Yes,3.1,590.0,41.0,4.0
1104.0,Zest Bistro,USA,Mumbai,C254,80 Main Street,Chinese,2535.0,INR,No,Yes,3.0,3435.0,73.0,4.0
1083.0,Spice Villa,UAE,Dubai,C810,41 Main Street,Italian,3035.0,AED,No,Yes,2.9,3833.0,49.0,1.0
1027.0,Urban Tadka,USA,Delhi,C313,104 Main Street,North Indian,430.0,AED,No,Yes,3.1,402.0,48.0,1.0
1184.0,Food Planet,USA,New York,C742,177 Main Street,Continental,2534.0,AUD,Yes,Yes,3.6,2411.0,40.0,2.0
1168.0,Café Aroma,USA,Delhi,C611,7 Main Street,North Indian,675.0,INR,Yes,Yes,2.7,125.0,30.0,2.0
1075.0,BBQ Nation,UK,Mumbai,C336,181 Main Street,Italian,3457.0,USD,No,Yes,3.7,1767.0,57.5,2.0
1129.0,Curry Leaf,Australia,London,C395,136 Main Street,North Indian,3821.0,GBP,No,Yes,3.5,4019.0,59.0,3.0
1190.0,BBQ Nation,UK,Sydney,C764,Not Available,Continental,1009.0,AED,Yes,Yes,3.6,2881.0,20.0,1.0
1289.0,Zest Bistro,UK,Bangalore,C865,154 Main Street,Mexican,892.0,AED,No,Yes,2.0,3561.0,48.0,1.0
1010.0,Royal Feast,UK,Delhi,C696,70 Main Street,Thai,781.0,INR,Yes,Yes,3.7,4436.0,66.0,1.0
1195.0,Spice Villa,Australia,Dubai,C197,17 Main Street,Continental,3715.0,AED,Yes,No,3.2,2460.0,75.0,2.0
1112.0,Zest Bistro,Australia,New York,C265,61 Main Street,Italian,3330.0,INR,Yes,Yes,2.7,2419.0,45.0,3.0
1031.0,BBQ Nation,USA,London,C239,49 Main Street,Thai,471.0,GBP,Yes,No,2.9,2665.0,77.0,2.0
1348.0,The Green Bowl,UK,Mumbai,C379,197 Main Street,South Indian,1547.0,USD,No,No,3.3,2883.0,27.0,2.0
1213.0,BBQ Nation,India,Mumbai,C243,171 Main Street,North Indian,525.0,GBP,Yes,No,3.3684210526315788,4217.0,28.0,2.0
1191.0,Curry Leaf,UAE,Sydney,C549,105 Main Street,Mexican,1106.0,INR,No,Yes,4.9,670.0,87.0,3.0
1223.0,BBQ Nation,India,Bangalore,C142,6 Main Street,Italian,353.0,Unknown,No,No,4.5,3364.0,76.0,1.0
1363.0,Ocean Grill,Australia,London,C999,39 Main Street,Mexican,1307.0,INR,No,Yes,2.7,1009.0,35.0,4.0
1025.0,Zest Bistro,India,London,C247,101 Main Street,Chinese,324.0,GBP,No,No,3.0,1251.0,27.0,3.0
1315.0,Food Planet,India,London,C869,64 Main Street,Mexican,3163.0,INR,No,Yes,4.0,3499.0,85.0,3.0
1276.0,Taste of India,USA,Bangalore,C138,94 Main Street,North Indian,1997.0,USD,Yes,No,2.6,319.0,45.0,3.0
,Curry Leaf,USA,Delhi,C724,Not Available,Chinese,3838.0,USD,Yes,Yes,5.0,3719.0,88.0,2.0
1291.0,Tandoor Tales,India,Bangalore,C566,142 Main Street,Continental,3411.0,AUD,Yes,Yes,2.8,2783.0,45.0,4.0
1155.0,Ocean Grill,UAE,Mumbai,C187,15 Main Street,Italian,2071.0,Unknown,No,Yes,1.9,3834.0,28.0,3.0
1374.0,The Hungry Hippo,Australia,Mumbai,C699,162 Main Street,Chinese,2682.0,Unknown,Yes,No,2.2,3232.0,73.0,4.0
1162.0,Zest Bistro,USA,Bangalore,C942,Not Available,Chinese,639.0,GBP,No,No,3.5,3440.0,59.0,4.0
1059.0,Ocean Grill,UK,Sydney,C891,25 Main Street,Italian,1523.0,INR,Yes,No,4.5,1786.0,72.0,3.0
1095.0,Curry Leaf,USA,London,C554,62 Main Street,Thai,1997.0,INR,No,No,2.5,366.0,55.0,3.0
1357.0,Zest Bistro,UAE,New York,C775,153 Main Street,Italian,3213.0,GBP,No,Yes,2.8,1002.0,78.0,2.0
1224.0,BBQ Nation,Australia,Delhi,C452,Not Available,North Indian,3418.0,AUD,No,Yes,4.2,4145.0,48.0,2.0
1247.0,Taste of India,USA,London,C819,79 Main Street,Thai,3460.0,USD,No,No,3.4,0.0,38.0,4.0
1067.0,Biryani House,USA,Bangalore,C186,141 Main Street,South Indian,346.0,USD,No,No,4.4,2793.0,89.0,4.0
1248.0,,UK,Delhi,C826,27 Main Street,South Indian,2676.0,INR,No,Yes,3.3684210526315788,3398.0,34.0,3.0
1159.0,Spice Villa,India,New York,C824,159 Main Street,North Indian,3273.0,AUD,No,No,4.9,638.0,80.0,1.0
1245.0,The Green Bowl,India,London,C290,97 Main Street,North Indian,1192.0,AUD,No,Yes,2.8,1683.0,58.0,4.0
1283.0,Café Aroma,UK,New York,C736,17 Main Street,South Indian,336.0,GBP,Yes,Yes,4.3,3283.0,84.0,4.0
1246.0,Café Aroma,USA,New York,C166,83 Main Street,Italian,2330.0,AED,No,Yes,2.0,2737.0,66.0,4.0
1128.0,Saffron Lounge,Australia,Mumbai,C682,42 Main Street,Italian,3241.0,GBP,No,No,3.6,3593.0,53.0,3.0
1263.0,Spice Villa,UAE,Sydney,C764,64 Main Street,South Indian,1655.0,Unknown,Yes,No,3.8,315.0,20.0,4.0
1123.0,BBQ Nation,India,New York,C265,5 Main Street,Thai,3532.0,AED,Yes,Yes,3.0,3125.0,66.0,1.0
1294.0,Café Aroma,India,London,C939,87 Main Street,South Indian,617.0,GBP,No,Yes,1.9,3917.0,73.0,1.0
1013.0,Food Planet,UAE,London,C508,108 Main Street,North Indian,3821.0,AED,Yes,Yes,4.9,3585.0,52.0,4.0
,Zest Bistro,USA,New York,C393,20 Main Street,Thai,3594.0,AED,Yes,Yes,2.0,3762.0,26.0,3.0
1339.0,BBQ Nation,USA,Sydney,C565,121 Main Street,South Indian,1874.0,INR,No,No,3.0,1577.0,21.0,1.0
1142.0,Spice Villa,USA,Delhi,Unknown,92 Main Street,South Indian,2214.0,AED,Yes,No,3.3684210526315788,3957.0,78.0,2.0
1258.0,Food Planet,USA,Bangalore,C817,3 Main Street,Continental,1287.0,INR,No,Yes,3.1,2808.0,66.0,4.0
1173.0,Tandoor Tales,India,New York,C326,175 Main Street,North Indian,592.0,GBP,No,Yes,4.9,1115.0,80.0,1.0
1200.0,Tandoor Tales,UK,Bangalore,Unknown,56 Main Street,Chinese,1997.0,AED,No,Yes,3.2,4510.0,82.0,2.0
,BBQ Nation,UAE,Mumbai,C891,199 Main Street,South Indian,2096.0,INR,Yes,No,4.2,1400.0,49.0,1.0
1187.0,Saffron Lounge,USA,Bangalore,C227,105 Main Street,Chinese,2408.0,USD,No,Yes,3.1,2790.0,54.0,4.0
1285.0,Tandoor Tales,UAE,New York,C234,21 Main Street,Thai,2011.0,INR,Yes,No,3.4,4359.0,36.0,3.0
1326.0,Saffron Lounge,UAE,Mumbai,C813,37 Main Street,Mexican,999.0,INR,No,Yes,4.8,3418.0,39.0,3.0
1398.0,Spice Villa,India,New York,C723,148 Main Street,South Indian,3641.0,AED,Yes,Yes,4.3,3178.0,64.0,4.0
1101.0,Biryani House,USA,Dubai,Unknown,Not Available,Continental,3523.0,INR,Yes,Yes,1.9,892.0,57.0,2.0
1035.0,BBQ Nation,India,Delhi,C731,199 Main Street,South Indian,3213.0,AUD,No,Yes,3.0,3881.0,60.0,3.0
1362.0,The Green Bowl,USA,Delhi,C994,62 Main Street,South Indian,974.0,AUD,No,No,4.6,399.0,36.0,2.0
,The Hungry Hippo,UK,Mumbai,C994,141 Main Street,North Indian,2653.0,GBP,Yes,Yes,2.7,2959.0,20.0,3.0
1135.0,Spice Villa,Australia,Mumbai,C720,184 Main Street,Italian,550.0,AED,No,No,2.4,3648.0,52.0,4.0
1205.0,Food Planet,UAE,London,C806,73 Main Street,Italian,3946.0,AED,No,Yes,3.3,93.0,51.0,4.0
1320.0,BBQ Nation,India,Mumbai,C945,162 Main Street,Continental,3716.0,AED,No,No,1.8,4687.0,55.0,4.0
1361.0,Food Planet,USA,Bangalore,C656,75 Main Street,Thai,2712.0,INR,No,Yes,2.4,3417.0,57.5,4.0
1157.0,BBQ Nation,UK,Sydney,C312,120 Main Street,Mexican,2724.0,GBP,No,Yes,3.5,989.0,78.0,3.0
1005.0,Taste of India,India,Delhi,C784,Not Available,Chinese,3862.0,Unknown,No,Yes,3.1,982.0,81.0,4.0
1198.0,The Hungry Hippo,UAE,Mumbai,C399,48 Main Street,North Indian,2168.0,Unknown,Yes,No,2.0,0.0,40.0,3.0
,,USA,London,C400,58 Main Street,Thai,3305.0,AUD,Yes,Yes,3.1,0.0,69.0,3.0
1214.0,Urban Tadka,USA,New York,Unknown,91 Main Street,Mexican,1124.0,AED,No,Yes,2.5,624.0,25.0,4.0
1050.0,BBQ Nation,UAE,Delhi,C843,6 Main Street,Italian,638.0,GBP,No,No,2.7,3183.0,58.0,3.0
1174.0,Saffron Lounge,Australia,Sydney,C709,121 Main Street,Italian,731.0,GBP,No,Yes,3.3,3018.0,73.0,4.0
1354.0,Spice Villa,UAE,Dubai,C155,158 Main Street,Continental,2364.0,AED,Yes,Yes,2.2,3396.0,83.0,4.0
1137.0,Taste of India,USA,Mumbai,C536,46 Main Street,South Indian,2104.0,Unknown,No,Yes,2.9,953.0,67.0,3.0
1154.0,The Green Bowl,Australia,Delhi,C670,69 Main Street,Thai,3811.0,AUD,Yes,Yes,3.1,4432.0,56.0,2.0
1021.0,Tandoor Tales,UK,Mumbai,C308,51 Main Street,North Indian,360.0,AUD,Yes,Yes,4.0,0.0,48.0,1.0
1244.0,Royal Feast,USA,Bangalore,Unknown,135 Main Street,Chinese,3491.0,AED,No,Yes,3.5,3906.0,30.0,1.0
1386.0,Royal Feast,Australia,New York,C582,166 Main Street,North Indian,2539.0,Unknown,Yes,Yes,4.3,3072.0,69.0,3.0
1044.0,Saffron Lounge,UK,New York,C326,98 Main Street,Italian,3940.0,GBP,No,Yes,4.7,0.0,43.0,1.0
1076.0,The Green Bowl,USA,Mumbai,C584,189 Main Street,South Indian,549.0,USD,No,Yes,4.1,1126.0,72.0,3.0
1390.0,Zest Bistro,Australia,New York,C847,187 Main Street,Continental,2748.0,INR,No,Yes,2.2,4569.0,81.0,2.0
1323.0,Royal Feast,India,Sydney,C388,123 Main Street,Italian,655.0,INR,No,No,3.9,1341.0,64.0,4.0
1026.0,Café Aroma,USA,New York,C782,32 Main Street,Thai,1362.0,USD,Yes,No,2.2,525.0,81.0,4.0
1277.0,Spice Villa,India,Dubai,C770,Not Available,Thai,2675.0,AED,No,Yes,4.1,2718.0,68.0,4.0
1041.0,Biryani House,Australia,Mumbai,C542,118 Main Street,Thai,3304.0,INR,No,No,4.6,3522.0,29.0,2.0
1097.0,Urban Tadka,USA,Mumbai,C701,183 Main Street,North Indian,914.0,GBP,No,Yes,3.3,895.0,57.5,4.0
1098.0,Biryani House,Australia,Delhi,C731,45 Main Street,Continental,1596.0,INR,No,Yes,4.0,2011.0,51.0,1.0
1029.0,Tandoor Tales,Australia,Delhi,C482,114 Main Street,Thai,1552.0,GBP,Yes,Yes,2.0,3726.0,85.0,3.0
1220.0,Café Aroma,UK,Delhi,C986,147 Main Street,Chinese,2211.0,Unknown,No,Yes,3.3684210526315788,4076.0,61.0,2.0
1064.0,BBQ Nation,UAE,London,C396,106 Main Street,Italian,3942.0,USD,Yes,Yes,2.8,2479.0,46.0,2.0
1176.0,Royal Feast,UK,New York,C119,39 Main Street,Continental,3296.0,AUD,No,No,3.7,163.0,20.0,3.0
1185.0,Ocean Grill,Australia,New York,C478,146 Main Street,Thai,2341.0,USD,Yes,Yes,4.6,1782.0,86.0,3.0
1299.0,Taste of India,UK,Bangalore,C487,146 Main Street,South Indian,1891.0,INR,No,No,1.8,1762.0,70.0,2.0
1152.0,Ocean Grill,USA,London,C859,166 Main Street,Continental,996.0,AUD,No,Yes,3.8,610.0,47.0,3.0
1395.0,Curry Leaf,India,New York,C665,107 Main Street,Continental,3491.0,USD,Yes,Yes,3.3684210526315788,149.0,86.0,4.0
1131.0,Ocean Grill,USA,Bangalore,C825,78 Main Street,South Indian,1038.0,INR,No,Yes,4.5,2228.0,69.0,2.0
1319.0,The Hungry Hippo,USA,New York,C372,119 Main Street,Thai,2904.0,AED,No,Yes,4.1,2130.0,76.0,4.0
1208.0,Curry Leaf,Australia,Sydney,C198,164 Main Street,Continental,3614.0,GBP,Yes,No,3.3684210526315788,3190.0,55.0,3.0
1282.0,BBQ Nation,UAE,New York,C156,140 Main Street,Thai,753.0,AUD,Yes,Yes,2.3,1832.0,72.0,2.0
1225.0,The Hungry Hippo,USA,London,C331,98 Main Street,Thai,1026.0,INR,Yes,No,2.3,3617.0,56.0,1.0
,The Hungry Hippo,UK,Delhi,C307,117 Main Street,Continental,1585.0,AED,No,No,4.5,3504.0,22.0,2.0
1156.0,Taste of India,UAE,Delhi,C207,171 Main Street,Continental,1562.0,AED,Yes,Yes,3.3,3916.0,57.5,2.0
,Saffron Lounge,USA,Sydney,C435,20 Main Street,Thai,3164.0,GBP,No,Yes,3.8,2419.0,22.0,2.0
1146.0,Spice Villa,USA,Mumbai,C186,183 Main Street,North Indian,1257.0,USD,Yes,Yes,3.4,2797.0,84.0,3.0
1069.0,Biryani House,India,Sydney,C563,2 Main Street,Continental,1077.0,USD,No,No,4.5,2510.0,78.0,3.0
1338.0,Food Planet,UK,New York,C609,32 Main Street,Continental,3808.0,INR,Yes,Yes,2.5,3181.0,49.0,4.0
1370.0,Café Aroma,Australia,London,C769,173 Main Street,Continental,1547.0,INR,No,Yes,1.8,1491.0,61.0,4.0
1330.0,The Hungry Hippo,Australia,Delhi,C321,Not Available,Mexican,1125.0,GBP,No,Yes,4.3,184.0,73.0,1.0
1300.0,Food Planet,Australia,Dubai,C810,21 Main Street,Continental,1997.0,GBP,Yes,Yes,2.6,2620.0,57.5,3.0
1072.0,The Hungry Hippo,USA,Mumbai,C927,177 Main Street,South Indian,700.0,USD,No,Yes,2.8,2359.0,87.0,3.0
1115.0,Curry Leaf,India,Delhi,C409,74 Main Street,North Indian,3898.0,AUD,No,No,4.9,3433.0,62.0,3.0
1170.0,Royal Feast,UK,Bangalore,C333,125 Main Street,North Indian,2671.0,GBP,No,Yes,4.8,2013.0,76.0,4.0
1015.0,Tandoor Tales,India,Bangalore,C851,13 Main Street,Continental,2420.0,AED,Yes,Yes,1.8,3295.0,73.0,3.0
1188.0,Biryani House,UAE,Sydney,C114,51 Main Street,Thai,1238.0,USD,No,No,4.4,4814.0,87.0,3.0
1052.0,The Hungry Hippo,UK,Dubai,C735,157 Main Street,Mexican,3008.0,INR,No,Yes,3.6,1733.0,39.0,3.0
1178.0,Tandoor Tales,USA,Mumbai,C696,Not Available,Thai,2932.0,USD,Yes,No,2.7,4420.0,22.0,3.0
1161.0,The Green Bowl,Australia,New York,C873,75 Main Street,Thai,3730.0,AUD,No,No,4.1,0.0,79.0,3.0
1385.0,Ocean Grill,UK,London,C563,Not Available,Italian,1030.0,AED,Yes,Yes,2.8,3707.0,21.0,1.0
1193.0,Saffron Lounge,India,New York,C657,26 Main Street,Mexican,3690.0,INR,Yes,Yes,2.1,2339.0,79.0,4.0
1302.0,Saffron Lounge,UK,Dubai,C262,127 Main Street,North Indian,2387.0,USD,Yes,No,2.8,1114.0,57.5,2.0
1327.0,Royal Feast,USA,London,C489,114 Main Street,Thai,2354.0,USD,Yes,Yes,3.3684210526315788,570.0,83.0,2.0
,Ocean Grill,Australia,New York,C475,76 Main Street,South Indian,1220.0,AUD,No,No,3.3,3424.0,69.0,1.0
1366.0,Royal Feast,UK,New York,C974,195 Main Street,Mexican,2761.0,AUD,No,Yes,2.2,668.0,83.0,4.0
1030.0,Spice Villa,UK,Bangalore,C847,38 Main Street,Continental,407.0,GBP,No,No,2.1,1857.0,25.0,2.0
,The Green Bowl,Australia,Sydney,C841,94 Main Street,Mexican,1220.0,AUD,No,Yes,4.7,1639.0,77.0,2.0
1368.0,The Hungry Hippo,India,New York,C891,189 Main Street,Continental,885.0,USD,No,Yes,2.7,3673.0,81.0,2.0
1172.0,Royal Feast,India,Dubai,C197,135 Main Street,North Indian,2281.0,AED,Yes,No,3.3,3172.0,26.0,3.0
1171.0,Spice Villa,USA,New York,C363,198 Main Street,Italian,445.0,USD,No,No,2.3,702.0,23.0,3.0
1047.0,Saffron Lounge,UAE,Bangalore,C536,109 Main Street,Mexican,1641.0,USD,No,No,2.3,2004.0,45.0,3.0
1106.0,Saffron Lounge,Australia,London,C577,149 Main Street,North Indian,430.0,AED,No,Yes,1.9,4724.0,54.0,1.0
1056.0,Royal Feast,Australia,New York,C728,11 Main Street,Chinese,2721.0,GBP,No,Yes,2.9,4791.0,38.0,2.0
1356.0,Spice Villa,USA,Bangalore,C346,170 Main Street,South Indian,3594.0,INR,Yes,Yes,4.2,3932.0,48.0,2.0
1278.0,Food Planet,Australia,Sydney,C339,96 Main Street,Mexican,1574.0,AUD,Yes,Yes,4.4,2001.0,86.0,3.0
1016.0,The Hungry Hippo,USA,London,C915,175 Main Street,Thai,3060.0,AED,No,Yes,3.8,653.0,26.0,3.0
1219.0,Tandoor Tales,India,Dubai,C637,160 Main Street,South Indian,2606.0,AUD,No,Yes,4.5,280.0,24.0,4.0
1003.0,Saffron Lounge,UK,Bangalore,Unknown,17 Main Street,Continental,2062.0,GBP,No,No,2.2,729.0,78.0,1.0
1257.0,Saffron Lounge,Australia,New York,C232,41 Main Street,Mexican,2982.0,USD,Yes,Yes,4.8,4525.0,59.0,3.0
1237.0,,UK,Delhi,C703,93 Main Street,Thai,1149.0,INR,Yes,No,2.0,263.0,49.0,2.0
1108.0,Zest Bistro,UK,London,C270,146 Main Street,Mexican,1494.0,INR,No,No,2.3,2905.0,47.0,4.0
1141.0,Royal Feast,Australia,New York,C755,168 Main Street,Thai,1931.0,USD,Yes,No,2.9,4454.0,55.0,2.0
1284.0,The Green Bowl,UAE,Bangalore,C470,99 Main Street,Chinese,3687.0,AUD,No,Yes,2.7,4548.0,81.0,4.0
1197.0,Curry Leaf,UAE,Mumbai,C708,175 Main Street,South Indian,1385.0,AED,No,No,4.7,709.0,44.0,3.0
,Urban Tadka,UAE,Sydney,C735,139 Main Street,Chinese,2813.0,AUD,No,Yes,3.2,2305.0,41.0,2.0
1102.0,Zest Bistro,Australia,Dubai,C684,141 Main Street,North Indian,3342.0,USD,Yes,Yes,3.3684210526315788,806.0,57.5,3.0
1039.0,Food Planet,India,Sydney,C968,94 Main Street,Mexican,3415.0,Unknown,No,Yes,3.3684210526315788,3280.0,57.5,4.0
1099.0,BBQ Nation,Australia,Mumbai,C111,51 Main Street,Chinese,3897.0,INR,No,Yes,3.3684210526315788,1293.0,25.0,3.0
1344.0,Saffron Lounge,India,London,C181,47 Main Street,South Indian,2312.0,AUD,No,Yes,4.4,1917.0,80.0,2.0
1151.0,Biryani House,Australia,Mumbai,C822,170 Main Street,Chinese,1047.0,USD,No,Yes,3.3684210526315788,3753.0,79.0,4.0
1012.0,Food Planet,UK,Sydney,C748,177 Main Street,Mexican,453.0,GBP,No,No,4.4,3040.0,57.5,3.0
1180.0,The Green Bowl,India,Sydney,C306,80 Main Street,North Indian,3164.0,AUD,Yes,Yes,4.2,1074.0,20.0,1.0
1082.0,Zest Bistro,Australia,Mumbai,C941,123 Main Street,Thai,3230.0,AUD,No,No,4.6,3242.0,57.5,4.0
1116.0,Urban Tadka,USA,Sydney,C163,117 Main Street,North Indian,2844.0,USD,No,Yes,2.8,2029.0,60.0,3.0
1093.0,The Hungry Hippo,USA,Delhi,C123,86 Main Street,North Indian,3342.0,INR,No,No,3.7,2753.0,20.0,3.0
1372.0,Spice Villa,Australia,Bangalore,C325,199 Main Street,Italian,1735.0,INR,Yes,Yes,2.9,461.0,32.0,4.0
1109.0,The Green Bowl,USA,New York,C734,32 Main Street,Mexican,3283.0,AED,Yes,Yes,1.9,939.0,34.0,4.0
,The Green Bowl,UK,New York,C747,99 Main Street,South Indian,664.0,AUD,Yes,Yes,4.7,4562.0,88.0,2.0
1071.0,Urban Tadka,Australia,Dubai,C202,97 Main Street,Thai,1010.0,GBP,No,Yes,3.2,2655.0,48.0,3.0
,Taste of India,UK,Bangalore,C797,Not Available,Mexican,1939.0,AUD,Yes,No,3.3684210526315788,3286.0,57.5,4.0
1336.0,Taste of India,USA,Bangalore,C646,11 Main Street,Italian,3019.0,AED,No,Yes,3.2,1507.0,23.0,4.0
,,India,Mumbai,C159,139 Main Street,Mexican,2187.0,INR,Yes,Yes,3.3,2576.0,21.0,3.0
1051.0,,UAE,New York,C791,158 Main Street,Italian,2099.0,INR,Yes,Yes,3.4,225.0,48.0,1.0
1090.0,Café Aroma,Australia,Sydney,C446,82 Main Street,Mexican,1289.0,GBP,Yes,No,3.1,4685.0,68.0,1.0
1062.0,The Hungry Hippo,Australia,Sydney,C159,41 Main Street,Chinese,1412.0,GBP,Yes,Yes,4.0,1706.0,86.0,1.0
1298.0,Food Planet,USA,Dubai,C570,107 Main Street,Thai,1646.0,AUD,No,No,4.5,2810.0,57.5,2.0
1218.0,Ocean Grill,UK,London,C722,111 Main Street,South Indian,2853.0,AED,Yes,Yes,4.0,4580.0,60.0,4.0
1088.0,Urban Tadka,UK,Dubai,C892,122 Main Street,Italian,2941.0,AED,Yes,Yes,2.9,1615.0,87.0,3.0
1054.0,Royal Feast,UAE,New York,C609,36 Main Street,Chinese,2050.0,AED,No,Yes,2.2,2616.0,73.0,1.0
1130.0,Spice Villa,UK,Mumbai,C583,185 Main Street,Mexican,610.0,INR,No,Yes,3.3684210526315788,3336.0,80.0,2.0
1364.0,Ocean Grill,India,New York,C634,174 Main Street,North Indian,1649.0,USD,No,No,3.0,4630.0,22.0,2.0
1296.0,The Hungry Hippo,USA,Mumbai,C917,22 Main Street,Italian,2462.0,INR,Yes,Yes,4.1,2974.0,75.0,2.0
1066.0,Urban Tadka,Australia,Mumbai,C695,76 Main Street,Continental,1861.0,AUD,No,No,3.3684210526315788,3819.0,67.0,3.0
1145.0,Royal Feast,Australia,Dubai,C355,151 Main Street,Chinese,328.0,INR,Yes,Yes,3.8,4115.0,22.0,3.0
1140.0,Food Planet,USA,London,C649,17 Main Street,South Indian,3787.0,USD,Yes,Yes,3.6,2946.0,38.0,3.0
1019.0,Royal Feast,USA,London,C174,162 Main Street,Mexican,1964.0,INR,No,Yes,2.0,4006.0,73.0,4.0
1081.0,Royal Feast,UAE,Sydney,C495,104 Main Street,North Indian,436.0,AUD,Yes,Yes,2.3,629.0,40.0,3.0
1122.0,BBQ Nation,UAE,Dubai,Unknown,40 Main Street,Mexican,3069.0,AED,No,Yes,4.9,95.0,71.0,3.0
1169.0,Food Planet,UAE,Delhi,C164,104 Main Street,Thai,2333.0,GBP,No,Yes,4.6,4966.0,77.0,2.0
1086.0,Taste of India,USA,Delhi,C387,146 Main Street,Italian,1026.0,INR,Yes,Yes,3.9,0.0,84.0,3.0
1194.0,The Green Bowl,UAE,Sydney,C118,31 Main Street,Mexican,1625.0,USD,No,No,4.5,3964.0,46.0,2.0
1114.0,,Australia,Sydney,C557,116 Main Street,Thai,338.0,INR,Yes,No,2.2,2535.0,36.0,2.0
1307.0,Urban Tadka,Australia,Mumbai,C680,171 Main Street,Thai,515.0,AED,Yes,Yes,2.8,1924.0,30.0,2.0
1207.0,The Hungry Hippo,UK,Mumbai,C832,146 Main Street,South Indian,1184.0,USD,Yes,No,4.1,2685.0,24.0,3.0
1367.0,Royal Feast,India,Bangalore,C936,150 Main Street,Italian,3826.0,GBP,No,Yes,3.5,2773.0,55.0,3.0
1242.0,Curry Leaf,India,Mumbai,C686,106 Main Street,Mexican,459.0,AED,No,Yes,3.3684210526315788,0.0,53.0,2.0
1037.0,Spice Villa,UK,Mumbai,Unknown,148 Main Street,Continental,1997.0,AUD,No,Yes,1.8,242.0,60.0,1.0
1149.0,Biryani House,UAE,Delhi,C528,147 Main Street,Italian,617.0,AED,No,Yes,4.6,676.0,25.0,3.0
1043.0,BBQ Nation,India,Mumbai,C530,37 Main Street,Mexican,629.0,GBP,Yes,No,2.2,470.0,21.0,2.0
1383.0,Royal Feast,UAE,New York,C500,143 Main Street,Chinese,1565.0,AUD,No,Yes,3.5,384.0,63.0,3.0
1275.0,Spice Villa,UAE,Dubai,C281,143 Main Street,South Indian,1274.0,AUD,No,No,4.0,4318.0,88.0,3.0
1004.0,Food Planet,India,Sydney,C624,80 Main Street,Continental,3615.0,GBP,No,No,2.7,4589.0,52.0,3.0
1046.0,Zest Bistro,India,Bangalore,C593,106 Main Street,Mexican,311.0,AED,No,Yes,3.5,3493.0,41.0,2.0
1333.0,Taste of India,UK,Delhi,C548,89 Main Street,South Indian,2882.0,INR,Yes,Yes,3.0,4297.0,78.0,4.0
1310.0,Food Planet,USA,London,C413,179 Main Street,Chinese,3539.0,AUD,No,Yes,3.2,416.0,49.0,4.0
1189.0,Biryani House,Australia,Bangalore,C923,140 Main Street,Continental,3751.0,USD,No,Yes,4.2,4756.0,88.0,4.0
1255.0,BBQ Nation,USA,Sydney,C256,186 Main Street,Mexican,1251.0,INR,No,Yes,2.7,3119.0,38.0,1.0
1105.0,Saffron Lounge,UAE,New York,C604,50 Main Street,Thai,1421.0,AED,No,No,1.9,1306.0,69.0,2.0
1177.0,Spice Villa,Australia,New York,Unknown,50 Main Street,Italian,2298.0,INR,No,Yes,3.0,3709.0,74.0,1.0
1324.0,Biryani House,India,New York,C601,171 Main Street,South Indian,490.0,USD,Yes,No,3.3684210526315788,2302.0,85.0,3.0
1167.0,Taste of India,USA,Dubai,C920,11 Main Street,Mexican,1465.0,AUD,No,No,4.3,4790.0,41.0,3.0
1304.0,Taste of India,UAE,Dubai,C566,15 Main Street,Continental,2072.0,AUD,Yes,No,3.0,4209.0,64.0,3.0
1371.0,Taste of India,USA,Bangalore,C956,122 Main Street,South Indian,1293.0,INR,No,Yes,3.0,3741.0,80.0,2.0
1341.0,Ocean Grill,UAE,New York,C386,145 Main Street,Mexican,2703.0,INR,No,No,2.0,378.0,68.0,4.0
1036.0,Ocean Grill,Australia,Delhi,Unknown,58 Main Street,North Indian,2871.0,AUD,Yes,Yes,3.7,287.0,88.0,3.0
1350.0,Biryani House,Australia,London,C913,161 Main Street,Mexican,3417.0,AUD,Yes,No,3.3684210526315788,1303.0,64.0,2.0
1087.0,The Hungry Hippo,UAE,Sydney,C477,23 Main Street,Italian,1997.0,AUD,No,Yes,3.8,3573.0,64.0,3.0
1091.0,Café Aroma,India,Mumbai,C778,Not Available,Thai,2719.0,AUD,Yes,Yes,2.8,1900.0,28.0,3.0
1163.0,Taste of India,UAE,Sydney,C720,82 Main Street,Continental,688.0,USD,Yes,No,4.6,3684.0,55.0,3.0
1049.0,Royal Feast,UK,Dubai,C785,187 Main Street,Thai,515.0,AUD,No,Yes,3.3684210526315788,1082.0,74.0,4.0
1084.0,The Hungry Hippo,UAE,Delhi,C319,130 Main Street,Chinese,1821.0,GBP,Yes,No,2.3,2390.0,44.0,1.0
1254.0,Biryani House,India,New York,C312,79 Main Street,Italian,1940.0,INR,No,Yes,2.5,4949.0,81.0,4.0
1388.0,Curry Leaf,India,Sydney,C192,69 Main Street,Thai,2871.0,AUD,No,No,3.5,3260.0,42.0,1.0
1249.0,Ocean Grill,UAE,Delhi,C580,78 Main Street,Chinese,879.0,INR,No,Yes,4.1,4317.0,57.5,4.0
1060.0,The Green Bowl,Australia,Sydney,C611,181 Main Street,South Indian,3908.0,AUD,No,Yes,4.0,2062.0,53.0,1.0
1203.0,,UAE,Delhi,C291,90 Main Street,South Indian,1894.0,GBP,No,Yes,4.8,2848.0,74.0,4.0
1124.0,BBQ Nation,Australia,Bangalore,C975,3 Main Street,North Indian,315.0,USD,Yes,Yes,3.0,4242.0,82.0,4.0
1138.0,Taste of India,Australia,London,C122,47 Main Street,Chinese,3512.0,GBP,Yes,Yes,2.7,2847.0,29.0,3.0
1329.0,The Green Bowl,Australia,Dubai,C111,144 Main Street,Thai,856.0,INR,No,Yes,2.1,1913.0,22.0,4.0
1133.0,Ocean Grill,UK,London,C465,192 Main Street,Chinese,845.0,AED,No,No,2.8,4977.0,81.0,3.0
,The Green Bowl,India,New York,C631,161 Main Street,Mexican,2213.0,INR,No,No,4.5,299.0,64.0,3.0
,Taste of India,Australia,London,C659,72 Main Street,Italian,1340.0,USD,Yes,Yes,2.6,204.0,38.0,4.0
1143.0,Taste of India,UAE,London,C116,185 Main Street,Chinese,3410.0,AED,No,Yes,2.2,1686.0,82.0,3.0
1312.0,Spice Villa,USA,Bangalore,C705,200 Main Street,Thai,2700.0,AUD,No,Yes,3.0,518.0,37.0,3.0
1264.0,Zest Bistro,UAE,New York,C911,177 Main Street,Thai,469.0,INR,No,Yes,4.9,3623.0,53.0,4.0
1236.0,Spice Villa,UK,Mumbai,C467,145 Main Street,Chinese,3037.0,AUD,No,Yes,3.1,4968.0,52.0,3.0
1136.0,BBQ Nation,Australia,Dubai,C239,Not Available,North Indian,1058.0,USD,No,Yes,2.0,0.0,35.0,4.0
1313.0,Ocean Grill,USA,Sydney,C222,99 Main Street,North Indian,2918.0,AUD,No,Yes,4.9,1671.0,70.0,1.0
1094.0,Café Aroma,USA,London,C842,189 Main Street,Italian,701.0,USD,Yes,Yes,3.0,2503.0,29.0,2.0
1328.0,The Hungry Hippo,Australia,Mumbai,C546,47 Main Street,South Indian,2480.0,INR,Yes,No,2.8,1109.0,86.0,4.0
1301.0,,USA,Delhi,C279,84 Main Street,Thai,2189.0,AED,Yes,No,4.2,0.0,38.0,4.0
1314.0,,Australia,Dubai,C117,Not Available,South Indian,1997.0,AED,Yes,Yes,2.1,3674.0,67.0,4.0
1340.0,Ocean Grill,India,New York,C377,27 Main Street,North Indian,2429.0,INR,No,Yes,3.0,1161.0,81.0,1.0
1387.0,Ocean Grill,Australia,Delhi,C226,199 Main Street,Chinese,1340.0,AUD,No,Yes,4.3,4700.0,31.0,2.0
,BBQ Nation,Australia,New York,C386,Not Available,Continental,3869.0,USD,No,Yes,4.2,640.0,36.0,1.0
,,USA,Sydney,C910,18 Main Street,South Indian,1071.0,Unknown,Yes,Yes,3.8,2189.0,44.0,2.0
1121.0,Ocean Grill,India,Dubai,C505,180 Main Street,Thai,3768.0,AED,No,No,2.7,2811.0,42.0,2.0
1181.0,Saffron Lounge,India,New York,C813,109 Main Street,Thai,3715.0,AED,Yes,Yes,3.0,4210.0,57.0,1.0
1232.0,Ocean Grill,India,Sydney,C358,192 Main Street,North Indian,1896.0,USD,No,Yes,2.1,3262.0,85.0,3.0
1166.0,BBQ Nation,UK,Mumbai,Unknown,55 Main Street,South Indian,3800.0,GBP,Yes,No,2.2,4379.0,82.0,3.0
1073.0,BBQ Nation,India,New York,C201,21 Main Street,Continental,2117.0,INR,Yes,Yes,3.7,1942.0,84.0,4.0
1384.0,Zest Bistro,Australia,Bangalore,C126,137 Main Street,Chinese,3695.0,Unknown,No,Yes,4.0,4556.0,30.0,2.0
1107.0,Taste of India,India,Mumbai,C621,18 Main Street,Continental,3152.0,Unknown,No,Yes,3.0,254.0,44.0,4.0
1175.0,Zest Bistro,UK,Sydney,C748,77 Main Street,Continental,1004.0,AUD,No,Yes,4.6,2171.0,87.0,1.0
1139.0,Saffron Lounge,India,New York,C398,61 Main Street,Continental,1597.0,GBP,Yes,Yes,4.9,2670.0,57.0,4.0
1360.0,Tandoor Tales,UAE,London,C204,63 Main Street,Mexican,3203.0,INR,No,Yes,4.1,1486.0,48.0,3.0
1335.0,Urban Tadka,Australia,Delhi,C245,179 Main Street,South Indian,3765.0,USD,Yes,No,3.4,3930.0,81.0,3.0
1158.0,Urban Tadka,Australia,Delhi,Unknown,133 Main Street,North Indian,565.0,USD,Yes,No,2.5,2461.0,21.0,2.0
1125.0,Curry Leaf,Australia,Bangalore,C952,85 Main Street,Mexican,792.0,INR,Yes,Yes,2.9,2478.0,88.0,1.0
1377.0,Taste of India,Australia,Delhi,C147,31 Main Street,Mexican,1288.0,GBP,No,Yes,3.1,892.0,78.0,2.0
1007.0,Tandoor Tales,UK,Sydney,Unknown,164 Main Street,Thai,3878.0,USD,No,Yes,3.1,4412.0,38.0,2.0
1134.0,Taste of India,Australia,London,C566,21 Main Street,Thai,2761.0,USD,Yes,Yes,2.6,2379.0,77.0,1.0
1369.0,Taste of India,India,London,C361,199 Main Street,Thai,1556.0,AUD,No,No,4.5,4996.0,61.0,4.0
1153.0,BBQ Nation,UAE,Bangalore,C570,175 Main Street,North Indian,571.0,INR,No,No,2.4,2662.0,73.0,4.0
1243.0,Ocean Grill,UK,Bangalore,C531,158 Main Street,Chinese,1080.0,GBP,No,Yes,4.9,1390.0,47.0,2.0
1332.0,Spice Villa,Australia,London,C642,118 Main Street,Continental,1354.0,AUD,No,No,2.0,2240.0,59.0,4.0
1221.0,BBQ Nation,USA,Dubai,C739,179 Main Street,Thai,3888.0,AUD,No,Yes,1.8,2478.0,86.0,2.0
1347.0,Royal Feast,India,Dubai,C445,20 Main Street,Mexican,2285.0,Unknown,No,Yes,3.9,4183.0,55.0,3.0
1290.0,Urban Tadka,Australia,Mumbai,C684,31 Main Street,Mexican,1437.0,USD,Yes,Yes,4.2,4115.0,51.0,1.0
1322.0,The Hungry Hippo,India,London,C498,94 Main Street,Continental,1493.0,AED,No,Yes,4.1,1373.0,68.0,4.0
1196.0,The Hungry Hippo,UAE,London,C798,10 Main Street,Chinese,1997.0,AUD,No,Yes,4.5,1142.0,42.0,2.0
1053.0,Ocean Grill,UAE,London,C848,192 Main Street,South Indian,3452.0,USD,No,Yes,1.9,1602.0,60.0,4.0
1317.0,Curry Leaf,UK,Bangalore,C882,159 Main Street,Thai,3128.0,GBP,Yes,Yes,3.0,0.0,41.0,3.0
1321.0,Food Planet,USA,Mumbai,C245,81 Main Street,Chinese,2016.0,INR,No,No,2.3,4367.0,76.0,4.0
1279.0,Spice Villa,Australia,New York,C221,111 Main Street,Italian,1499.0,INR,No,No,4.4,281.0,26.0,3.0
1183.0,The Green Bowl,UK,London,C317,42 Main Street,Mexican,3511.0,USD,Yes,No,3.4,1226.0,24.0,2.0
1113.0,Taste of India,UAE,New York,C173,Not Available,Continental,663.0,Unknown,No,Yes,4.7,17.0,38.0,3.0
1080.0,Saffron Lounge,India,Bangalore,C583,196 Main Street,North Indian,3890.0,USD,Yes,Yes,3.2,3316.0,67.0,3.0
1355.0,Urban Tadka,USA,New York,C182,157 Main Street,Chinese,659.0,AUD,Yes,No,3.9,2982.0,63.0,3.0
1273.0,Spice Villa,Australia,Mumbai,C659,137 Main Street,Italian,1283.0,AED,No,No,3.8,3609.0,57.5,3.0
1349.0,BBQ Nation,USA,New York,C487,137 Main Street,Continental,1848.0,AED,No,Yes,4.6,1834.0,77.0,4.0
1068.0,Ocean Grill,UAE,Bangalore,C819,116 Main Street,Continental,3659.0,AUD,Yes,Yes,4.4,3654.0,78.0,4.0
1352.0,The Hungry Hippo,USA,Delhi,C321,98 Main Street,North Indian,1436.0,GBP,No,Yes,3.7,4806.0,58.0,4.0
1308.0,Café Aroma,Australia,New York,C668,38 Main Street,North Indian,3518.0,USD,Yes,No,4.3,3082.0,72.0,4.0
1287.0,Spice Villa,Australia,Mumbai,C948,127 Main Street,Italian,1095.0,GBP,Yes,Yes,2.2,0.0,44.0,3.0
1253.0,Royal Feast,USA,New York,C829,128 Main Street,Italian,1590.0,USD,Yes,No,2.7,4069.0,52.0,3.0
1092.0,Biryani House,Australia,Bangalore,C660,139 Main Street,South Indian,1234.0,INR,Yes,Yes,4.0,1285.0,55.0,3.0
1252.0,Spice Villa,Australia,London,C968,105 Main Street,Chinese,3981.0,GBP,Yes,Yes,3.1,1997.0,66.0,3.0
1120.0,Biryani House,UAE,New York,C111,77 Main Street,Chinese,1220.0,AED,No,Yes,4.9,3681.0,58.0,1.0
1070.0,Tandoor Tales,USA,New York,C477,10 Main Street,Thai,1339.0,AED,No,Yes,4.7,3655.0,21.0,1.0
1148.0,Tandoor Tales,Australia,Mumbai,C640,197 Main Street,Chinese,776.0,GBP,No,Yes,5.0,3328.0,57.5,3.0
1343.0,The Green Bowl,India,Delhi,Unknown,8 Main Street,Continental,888.0,INR,Yes,Yes,3.1,52.0,50.0,1.0
1206.0,,Australia,Dubai,C792,155 Main Street,North Indian,1633.0,AUD,No,Yes,4.0,1432.0,74.0,1.0
1179.0,Biryani House,UK,Dubai,C675,67 Main Street,Mexican,698.0,INR,No,No,2.5,3796.0,57.0,3.0
1351.0,Ocean Grill,USA,Bangalore,Unknown,177 Main Street,Chinese,1990.0,USD,No,No,4.0,4779.0,81.0,3.0
1085.0,Urban Tadka,India,New York,C611,117 Main Street,Italian,1997.0,AUD,Yes,Yes,1.9,1556.0,47.0,1.0
1334.0,The Green Bowl,USA,Delhi,C119,81 Main Street,Mexican,725.0,AED,Yes,Yes,4.9,4170.0,74.0,2.0
1250.0,Zest Bistro,Australia,London,C484,73 Main Street,Continental,2233.0,AUD,Yes,No,2.0,393.0,43.0,2.0
1058.0,,India,Delhi,C670,151 Main Street,Italian,1009.0,INR,No,Yes,3.9,2851.0,49.0,4.0
1233.0,The Green Bowl,USA,Delhi,C651,23 Main Street,Thai,2214.0,AED,No,No,3.4,288.0,25.0,4.0
1024.0,BBQ Nation,India,Delhi,C607,58 Main Street,Mexican,2389.0,AUD,Yes,Yes,3.3,1112.0,76.0,1.0
1226.0,Zest Bistro,India,Mumbai,C160,200 Main Street,Thai,3036.0,USD,Yes,Yes,4.2,2593.0,32.0,1.0
1270.0,The Green Bowl,UK,Dubai,C872,52 Main Street,Chinese,1718.0,AUD,No,Yes,3.4,3460.0,48.0,1.0
1392.0,Urban Tadka,UK,Delhi,C843,90 Main Street,Thai,3052.0,Unknown,No,No,3.3684210526315788,3207.0,57.0,2.0
1375.0,,Australia,New York,C650,16 Main Street,North Indian,1545.0,USD,Yes,Yes,3.1,1547.0,35.0,4.0
1380.0,Taste of India,Australia,Delhi,C297,144 Main Street,South Indian,3263.0,AED,No,Yes,1.8,4945.0,78.0,1.0
1057.0,The Green Bowl,India,Delhi,C136,189 Main Street,Chinese,3323.0,USD,No,Yes,4.1,3323.0,85.0,3.0
1316.0,Café Aroma,India,Bangalore,C875,9 Main Street,North Indian,2004.0,AED,No,No,3.4,4868.0,27.0,1.0
1297.0,The Green Bowl,USA,New York,C317,69 Main Street,Chinese,3045.0,AED,Yes,No,2.0,2926.0,84.0,3.0
1267.0,The Hungry Hippo,UK,Bangalore,C716,111 Main Street,Mexican,339.0,USD,No,Yes,3.9,1145.0,68.0,3.0
1238.0,Food Planet,India,London,C764,194 Main Street,Mexican,2409.0,USD,No,Yes,2.9,4286.0,51.0,4.0
1210.0,Food Planet,India,Delhi,C742,1 Main Street,Chinese,1689.0,AED,Yes,No,2.8,3985.0,77.0,3.0
1111.0,Ocean Grill,UAE,Bangalore,C682,81 Main Street,Continental,482.0,INR,No,No,3.3,3222.0,46.0,3.0
1281.0,Urban Tadka,India,Delhi,C918,89 Main Street,South Indian,1997.0,AUD,No,Yes,3.5,4096.0,68.0,2.0
1376.0,,UK,Dubai,C927,134 Main Street,Chinese,2384.0,AED,No,Yes,3.4,3103.0,27.0,4.0
1303.0,Café Aroma,UAE,Delhi,C750,100 Main Street,South Indian,2296.0,Unknown,No,Yes,2.1,2546.0,60.0,2.0
,The Green Bowl,UK,London,C488,196 Main Street,Thai,2548.0,GBP,Yes,Yes,2.8,4330.0,58.0,3.0
1251.0,Tandoor Tales,Australia,New York,C317,94 Main Street,Continental,1680.0,USD,No,No,2.0,0.0,28.0,2.0
1394.0,Royal Feast,UAE,Delhi,C890,108 Main Street,Thai,1997.0,AUD,No,Yes,2.2,1934.0,57.0,1.0
1396.0,Ocean Grill,UK,New York,C944,60 Main Street,Mexican,2557.0,USD,Yes,Yes,1.9,1434.0,80.0,2.0
1311.0,Saffron Lounge,UAE,New York,C498,10 Main Street,North Indian,2439.0,INR,No,Yes,4.7,176.0,76.0,3.0
1262.0,The Hungry Hippo,Australia,Sydney,C999,63 Main Street,Thai,3085.0,USD,No,Yes,2.5,1859.0,32.0,3.0
1211.0,Royal Feast,Australia,Sydney,C908,95 Main Street,Thai,3701.0,Unknown,Yes,No,2.9,1401.0,58.0,4.0
1127.0,Curry Leaf,Australia,London,C989,44 Main Street,South Indian,1431.0,AUD,No,Yes,2.3,1646.0,67.0,3.0
1265.0,Spice Villa,UAE,Sydney,C392,60 Main Street,North Indian,820.0,Unknown,No,Yes,3.7,2759.0,67.0,3.0
1358.0,BBQ Nation,UAE,New York,C281,3 Main Street,Mexican,999.0,AUD,No,Yes,3.9,2396.0,28.0,3.0
1033.0,Café Aroma,Australia,Dubai,C558,88 Main Street,Thai,3849.0,USD,No,Yes,3.9,0.0,57.5,3.0
1216.0,Curry Leaf,Australia,Delhi,C928,164 Main Street,Thai,1236.0,AED,No,No,1.8,3575.0,57.5,2.0
1318.0,Royal Feast,Australia,Delhi,C397,156 Main Street,North Indian,662.0,AED,No,No,3.8,0.0,25.0,3.0
1000.0,The Green Bowl,India,Delhi,C358,67 Main Street,Chinese,1050.0,AUD,No,No,3.4,2813.0,76.0,1.0
1365.0,,Australia,Dubai,Unknown,54 Main Street,South Indian,2814.0,AED,No,Yes,2.0,1865.0,40.0,1.0
1345.0,Zest Bistro,Australia,New York,C154,20 Main Street,Italian,1847.0,AUD,No,Yes,4.5,3500.0,67.0,2.0
1228.0,Food Planet,India,Dubai,C850,25 Main Street,South Indian,3470.0,INR,No,No,3.9,3085.0,65.0,2.0
1201.0,The Green Bowl,India,Bangalore,C332,Not Available,Thai,2911.0,USD,No,No,3.4,4567.0,71.0,2.0
1164.0,Tandoor Tales,India,London,C423,1 Main Street,South Indian,2924.0,AED,Yes,Yes,2.2,3939.0,56.0,1.0
1017.0,Taste of India,India,New York,C909,127 Main Street,Chinese,2643.0,AUD,No,Yes,2.0,4721.0,33.0,2.0
1288.0,Royal Feast,Australia,Sydney,C149,183 Main Street,Italian,1272.0,USD,No,No,3.8,3732.0,22.0,4.0
1034.0,,Australia,New York,C901,173 Main Street,Chinese,401.0,USD,No,Yes,4.0,0.0,81.0,4.0
1378.0,The Hungry Hippo,UAE,London,Unknown,75 Main Street,Italian,577.0,GBP,Yes,Yes,3.5,4418.0,76.0,3.0
1389.0,Urban Tadka,India,Sydney,C425,22 Main Street,Chinese,1217.0,AED,Yes,Yes,4.9,4605.0,37.0,4.0
1266.0,Biryani House,Australia,New York,Unknown,172 Main Street,Thai,1786.0,USD,Yes,Yes,2.9,4974.0,67.0,1.0
,Taste of India,UK,Bangalore,C786,99 Main Street,South Indian,928.0,INR,No,Yes,2.3,502.0,70.0,3.0
1399.0,The Hungry Hippo,Australia,London,C699,131 Main Street,Italian,1997.0,USD,No,No,3.5,526.0,47.0,4.0
1204.0,Saffron Lounge,Australia,Sydney,Unknown,165 Main Street,Continental,1907.0,GBP,Yes,Yes,1.9,883.0,65.0,2.0
1215.0,Biryani House,UAE,Dubai,C890,14 Main Street,Thai,2565.0,USD,No,Yes,4.9,2981.0,54.0,2.0
1199.0,Zest Bistro,UAE,New York,C842,52 Main Street,Continental,2573.0,AED,Yes,Yes,4.6,4657.0,80.0,1.0
1373.0,Taste of India,USA,New York,C745,133 Main Street,Continental,871.0,INR,No,Yes,1.9,2485.0,30.0,3.0
1240.0,Ocean Grill,USA,Dubai,C895,108 Main Street,North Indian,2563.0,AUD,Yes,No,4.4,834.0,29.0,1.0
1217.0,Zest Bistro,India,Delhi,C235,139 Main Street,Chinese,3100.0,USD,No,Yes,5.0,3586.0,41.0,3.0
1209.0,The Green Bowl,USA,Delhi,C506,28 Main Street,Continental,3864.0,AUD,Yes,Yes,2.2,4326.0,68.0,3.0
1292.0,BBQ Nation,Australia,London,C226,167 Main Street,Continental,1624.0,AED,Yes,No,1.8,2562.0,35.0,2.0
1305.0,Tandoor Tales,UK,Sydney,C235,165 Main Street,Chinese,1612.0,USD,No,Yes,2.7,3864.0,34.0,4.0
1272.0,Royal Feast,USA,New York,C623,130 Main Street,Thai,3597.0,AED,No,Yes,3.7,3632.0,45.0,1.0
1325.0,Royal Feast,Australia,Dubai,C367,82 Main Street,South Indian,2769.0,GBP,Yes,Yes,3.3684210526315788,1548.0,64.0,4.0
1286.0,Spice Villa,Australia,Delhi,C649,136 Main Street,Thai,3320.0,INR,Yes,Yes,2.7,530.0,62.0,1.0
1009.0,Biryani House,Australia,Dubai,C212,104 Main Street,Italian,2326.0,GBP,No,Yes,4.1,2217.0,85.0,3.0
